,name,label
0,jakehallac,Yes
1,jacky-li-37764b91,Yes
2,david-l-farrell-309226b,Yes
3,dmitrii-petukhov-2b028412a,No
4,mustafa-alogaili-6b9b42117,No
5,vadim-serov-058450103,No
6,nicholasmcarlson,No
7,jcalblack,Yes
8,mairbekkhadikov,No
9,gerard-kane-452137,Yes
10,shea-steacker-3312363a,Yes
11,aliakhovich,No
12,nicolecswanson,No
13,wflow,No
14,kelleyzenz,Yes
15,seth-klebe-2341b946,No
16,victor-dev,No
17,androsov-igor-8701b356,No
18,awesomo,No
19,afarrisleadspedia,Yes
20,paulpanarese,No
21,alexey-makhaev-88b682127,No
22,cfischetti,Yes
23,tedgaubert,Yes
24,adamcarver,No
25,mitchtarica,Yes
26,oscar-caxton-297091196,Yes
27,david-vlasoff-b17414bb,No
28,michaelmcduffee,No
29,amandarmcbride,Yes
30,jasonburns315,No
31,amymccarty,Yes
32,carmelo-messina-83631999,Yes
33,preston-miller-a76313146,No
34,artem-egorov-65109147,No
35,migueljuarez,No
36,rachel-reinhart-6316339,Yes
37,melissaabreu,No
38,jeff-stevens-5233419,No
39,carol-ronk-6257b0,Yes
40,bobdinkel,Yes
41,thomas-merritt-006483175,No
42,chrissteipp,No
43,frank-lutikoff-841b82b6,No
44,alexey-derepa-a1b106a5,No
45,jimchiang,No
46,alexsourov,No
47,anandaidasani,Yes
48,kyle-lange-8145aa4b,Yes
49,tatyana-maximovskaya-4771b030,No
50,stephaniestrada,Yes
51,brittany-papenhause-89452521,Yes
52,bill-groody-21086211,Yes
53,delaney-harris-a13852149,Yes
54,philip-lacor-3a4167,Yes
55,viacheslav-grygoriev-170180122,No
56,евгений-кириченко-17057839,No
57,rmgao,No
58,timothy-francis-90042534,No
59,johneburnsit,No
60,melissabielagus,Yes
61,alexberaut,No
62,matthew-smith-88260762,No
63,kellydelcurto,No
64,bryanjung8,No
65,eliflesher,No
66,michaeldelvecchio,Yes
67,alexblacksnow,No
68,rkuchukbaev,No
69,john-houston-25781a5,No
70,pyanoveugen,No
71,egorkrushinov,No
72,jennifer-loewenstein-rayburn-6a77674,Yes
73,ronakhshah,No
74,stevecharlesduff,Yes
75,weatherspoonpr,No
76,spencer-alexander-8a888757,No
77,michael-hollenbeck-90a417,Yes
78,seanmtodd,No
79,hajrullinbulat,No
80,dmytrosydorchuk,No
81,andrey-pogoreltsev,No
82,peter-santella-12b1427,Yes
83,eugene-yurkov-281571139,No
84,pranaygangwal,Yes
85,nail-shakirov,No
86,kaleetyson,Yes
87,dandandandan,No
88,vladimir-sundupey,No
89,sloan-tison-043bb94b,Yes
90,ksheshadri,No
91,davydovmax,No
92,jonathan-kinnear-17622b120,No
93,ryandlane,No
94,korolevnikolay,No
95,benlowkh,No
96,kateavelineedwards,Yes
97,mandylewischicago,Yes
98,rizhao,No
99,bobby-kane-83945716,Yes
100,john-henry-raines-2273bba2,No
101,chrispomeroy,Yes
102,dustin-schnaitman-2149403,Yes
103,olegmoskalenko,No
104,taylor-sayig,Yes
105,davidbinkley,Yes
106,jimsingh,No
107,jingweizhang16,No
108,oleksandr-kolesnyk-80b78389,No
109,alexshtin,No
110,katie-arvin-521b048,Yes
111,adsha1000,No
112,evgeniia-filatova,No
113,vitaliy-lyashenko-1b417b25,No
114,konstantinzak,No
115,chriskaddaras,No
116,ana-vargas-9a085754,No
117,elizabethcooper2,No
118,brandonlowitz,Yes
119,jason-guest-74941248,No
120,keyanp,No
121,ashley-coleman-596058a0,No
122,jerrypharr,Yes
123,anzhe-meng-63b35415b,No
124,macdonaldeditorial,No
125,mnpeck,Yes
126,scott-treadwell-866bb442,No
127,anastasiiapronska,No
128,peter-schuller-7065704,No
129,eugene-yakubovich-4640604,No
130,andreychekh,No
131,kristi-yang,No
132,yuhui0907,No
133,sauravchatterjee,No
134,airobins,No
135,maria-bukharina-67190480,No
136,adamliebman,Yes
137,vadim-saveliev-3a271a29,No
138,kimhonig,Yes
139,edwin-martinez-90a4bbb4,No
140,troy-johnston-sr-439ab7ba,Yes
141,alexander-farashutdinov-30200161,No
142,duskload,No
143,bkoviak,Yes
144,dsaintsing,Yes
145,aleksandr-bogomolov-081640116,No
146,cyndy-eng-dinsel-01026a7,No
147,rosenstein,No
148,skoppala,No
149,jim-jansen-us,Yes
150,crystal-tung-34abb7118,Yes
151,bronwyn-hastings-4a6a97,No
152,olegtereshin,No
153,justinvarnon,No
154,pearlzshu,Yes
155,chrisdaniels,Yes
156,tedbakercv,Yes
157,игорь-лозовский-60821551,No
158,andichalfant,No
159,samgruskin,No
160,qiu-tong-158bb523,No
161,coreyengesser,Yes
162,abatishchev,No
163,moyassin1,No
164,serhiy-chupryk,No
165,alvinogradov,No
166,virajput,No
167,nancy-p-7b610491,Yes
168,charlie-vieth-ba15a012,No
169,erika-nolting-young-8192635,Yes
170,vladimir-savinov-49847aa,No
171,alexander-kirgetov-a05a4542,No
172,ruslan-pavlenko,No
173,stuart-heavyside-a92b6613,Yes
174,sumedh-lagade-a73794104,Yes
175,rolandchernov,No
176,dmytro-pashkov-519869166,No
177,amoolgupta,No
178,valeria-martinez16,No
179,brian-murphy-6787ba4,Yes
180,taja-jafarli,No
181,nikiforovalexander,No
182,evgeny-karpov-3791309a,No
183,prasoon-agarwal-62a46b2,Yes
184,changhonghsu,No
185,danchessin,No
186,craigsimpson,Yes
187,hailey-collins-66b31b172,Yes
188,winston-galas-96ab3ba3,No
189,douglas-mangels-11850211,No
190,ryantempas,No
191,mikestanojev,Yes
192,diegorodriguez,Yes
193,taijeffrey,No
194,azatsattarov,No
195,matthew-young-bb79224,Yes
196,saimanshetty,No
197,icetoeskimos1,Yes
198,gordey4doronin,No
199,daimeonpilcher,No
200,ramil-batyrshin-8a0923b1,No
201,gregfee,No
202,btucker,Yes
203,dmacclaren,Yes
204,brianladyman,Yes
205,michaelmcbrien,Yes
206,andrew-cherkashyn-6923aa5b,No
207,kunaals,No
208,alexey-kopchak-a9a447127,No
209,kevin-t-8918ab34,No
210,michaelcude,Yes
211,jodi-palmisano-5b95393,Yes
212,tiffanyhtse,No
213,vickicheung,No
214,jim-rich-a2314a,Yes
215,andrealamsjah,No
216,seth-weinstock-3739157,Yes
217,mistysutton,No
218,beau-williamson-3441842,Yes
219,charles-elgin-3a34944,No
220,brndnmtthws,No
221,lailarazzaghi,Yes
222,brettgeiger,Yes
223,jay-mansfield-1226034,Yes
224,willlundy,No
225,autumn-michalski-6745558,Yes
226,josh-greenwood-47970a1a,No
227,apodavalov,No
228,natalie-davis-5146971b,Yes
229,carrheather,Yes
230,evaga,No
231,nick-ciaravella-66a37753,No
232,ralph-manno-0469448,Yes
233,lauraplatt,Yes
234,vvelikodny,No
235,yeehingtong,No
236,ashton-nolen,No
237,hrytsulia,No
238,paulmaunder,Yes
239,kathywlma,No
240,avneetoberoi,No
241,david-kurtz-54238a15,Yes
242,david-morse-b248014,Yes
243,bracken-darrell-81ba255,Yes
244,vasilynemtsov,No
245,evanaylsworth,No
246,justinsgeller,Yes
247,davidsfox88,Yes
248,ethan-adels-b064a9b8,No
249,jeff-yearwood,No
250,daveallensmith,No
251,janinelmartin,No
252,matt-mcgowan-ab586aa,Yes
253,di-sun-41447bb4,No
254,maksim-mikheev-44540316a,No
255,kristi-d-miller-411145133,Yes
256,sergey-pikhulya-8803b29,No
257,schottra,No
258,olga-vasiutina-5693133,No
259,shu-wang-65b1a557,No
260,puneetmathur,Yes
261,laurent-sacaut-040851182,No
262,donald-chen-5b800925,No
263,xinyu-xie-75800106,No
264,dchengy,No
265,vincentsharps,Yes
266,djkokai,No
267,iamjohnsarris,Yes
268,nataliex,Yes
269,tetiana-inozemtseva-699324106,No
270,anton-datsenko-1b9a32130,No
271,ilfat-galiev,No
272,alexander-vologodsky-6bb08594,No
273,shawn-shaligram-a7b24b29,No
274,stephaniewarner8,No
275,mattfeldman1,Yes
276,samanthatwardoch,No
277,chase-wheatley-4b6869b3,Yes
278,chris-lang-aba393,No
279,justin-starner,No
280,taras-mytofir,No
281,michaellee45,No
282,nikitagoncharenko,No
283,christinesandler,Yes
284,raymondx,No
285,gregkuwaye,No
286,michaelschwab1,Yes
287,mahith-amancherla-52b53761,No
288,changalex,No
289,koladeaderele,No
290,evgenii-sidorov,No
291,ryantharian,No
292,sergii-bezpalyi-84b5885,No
293,guyathomas,No
294,steve-barnett-165b60,Yes
295,dianeupdyke,Yes
296,jaredargo,Yes
297,grant-campbell-iii-06a8ba28,No
298,tayloroffer,No
299,vladimirzaytsev,No
300,shanthi-ramamurthy-3756732,Yes
301,kscherding,No
302,morgandebaun,Yes
303,amieerukes,Yes
304,anatolii-skrypnyk-12679bb4,No
305,quyenttong,No
306,surinder-singh-6b33a76,No
307,alexcramer,Yes
308,kim-truong-95667b82,No
309,hannarykova,No
310,dane-schiefer-b85b6666,No
311,josephine-jarecki-64b293133,No
312,clintgearheart,Yes
313,garciajosh,Yes
314,anthonybrunoaudio,No
315,hendra-tjahayadi-2515ba1,No
316,brendan-edwards-a40a485a,No
317,ianandrewdeguzman,No
318,shannonlucas,No
319,lucio-tan-iii-94799b45,No
320,colleenavey,No
321,seanmccarron,Yes
322,michael-bonner-b82130a4,No
323,paigevanvort,Yes
324,danielxgorman,No
325,daniel-barragan-42967336,No
326,valeriy-kolodochka-018a102,No
327,antoinevo,No
328,romanovskyi,No
329,leis,No
330,kat-krohn-1a3445155,No
331,han-wang-97272610,No
332,никита-морозов-3b99ab162,No
333,katrina-rogan-64660120,No
334,firzinat-khuzeev,No
335,alfila,No
336,apurvb,No
337,christinehangchambers,No
338,raquel-noya-b0544b88,Yes
339,weyou,No
340,mathias-boyle-b2a87529,No
341,johnjomadiao,No
342,tylerjohn,Yes
343,ccaramanolis,No
344,lauren-glazebrook-26351943,Yes
345,gizzie,No
346,hanna-bakhanova,No
347,denystochkovyi,No
348,hiwete-fetene,No
349,christopher-cary,Yes
350,ryankreger,Yes
351,timothyzanderson,No
352,dbaunov,No
353,susan-tillinghast-campbell-768b4235,Yes
354,timothysisk,Yes
355,alexander-pochanin-b48b4830,No
356,adamseligson,No
357,joey-w-14050a175,No
358,akash-katipally-4626a156,No
359,samshank,Yes
360,thomasburges,No
361,boyddavis1,No
362,александр-немчинов-5abb5415a,No
363,nicole-young-m-s-1682b954,Yes
364,owenmiehe,Yes
365,ablumenkranz,Yes
366,jessica-smith28,No
367,jennyschuckenbrock,Yes
368,ryan-bhattacharyya-40a29593,Yes
369,anderson-reinkordt-34b52420,No
370,todd-busler-03934760,Yes
371,charlotteblanc17,No
372,mtauraso,No
373,kylebshr,No
374,ishah06,Yes
375,sloukakos,Yes
376,jessyuen,No
377,megankercher,No
378,steveyangbu,Yes
379,derekschaller,No
380,rorymerrill,No
381,kathrynhirsch,Yes
382,barn-wan-li-0514bb4,No
383,jayant-sani,No
384,stanislav-akeldov-b66443152,No
385,pabellamy,No
386,nikolay-dzencharskiy-17b654109,No
387,dan-messer-01a6689,Yes
388,m0sk1t,No
389,charleneli,Yes
390,softwareb,No
391,eligold94,No
392,nare-hayrapetyan-935b7b31,No
393,vincepegurri,Yes
394,david-hill-1a18b15b,Yes
395,george-kolesnikov,No
396,andrii-zhorniak-75b54346,No
397,pierbarattolo,Yes
398,dustinhampton,Yes
399,johnisutanto,No
400,johnletourneau2,Yes
401,ngarias,No
402,britknapp,No
403,anna-ohol-145385101,No
404,illia-chornyi-5b1a3b13,No
405,bob-melanson-46b0072a,No
406,xiaotian-huo-57122833,No
407,ryan-shirley-35700135,Yes
408,aleksey-noskov-93958090,No
409,maurice-gray-4a4a6013,No
410,77alex7bilyk77,No
411,igor-sevostyanov-38b84b20,No
412,lawnegerhardt,Yes
413,alisha-kloc-99630351,No
414,chris-elion,No
415,jesse-gittler-40019483,Yes
416,kristina-k-831aa874,No
417,ashleycampionmiller,No
418,ben-norquist-b7a51582,No
419,jinu-philip-a9bb12168,No
420,tom-farley-3240185a,No
421,itayd,No
422,matthew-pawlicki,No
423,nektariosbaziotis,Yes
424,dzdavidzhang,No
425,munmun-singh-41829723,No
426,sishu-shankar-7869013,Yes
427,sean-trella-7238485a,No
428,chetan-bhor-a13b572,Yes
429,anton-tonkushin,No
430,paul-donati-81a1191,Yes
431,jdearborn,No
432,matthewmartin23,Yes
433,jacobsenbrian,Yes
434,elaineilung,No
435,jessewcooper,No
436,bob-krueger-5481286,Yes
437,oleksandra-vodopianova,No
438,jim-hassee-4860896,Yes
439,rosieverbamauer,No
440,michaeltrites,Yes
441,theevancarlton,No
442,matthewjtoth,Yes
443,doug-regner-9245934,Yes
444,jasonrutherford,Yes
445,karaelainelong,Yes
446,michele-shapley-a982bb11,Yes
447,kevin-henley-3a872487,Yes
448,josephperla,No
449,johnbdowling,Yes
450,ravitejavutukuri,No
451,paweł-zaborski-89b31b14,No
452,craig-weimer-8401281,Yes
453,damarisjensen,Yes
454,jenbmorgan,Yes
455,manny-murcia-6a741538,No
456,bobgmelanson,No
457,drea-engle-5803602,Yes
458,artem-lokhovitskiy,No
459,heston,No
460,stefanie-thelen,Yes
461,acchin,No
462,jerameewaldum,Yes
463,vitalii-chyhirov,No
464,ferhat-ait-benali-5947bb177,No
465,joevanderzanden,Yes
466,leah-freedland-8aa39535,No
467,corey-mclaughlin,No
468,stephen-pronechen,Yes
469,paul-beck-39329414,No
470,mary-chizhova,No
471,ruchisarnot,Yes
472,waltery,No
473,rich-coughlin-1aaa1020,Yes
474,elyacosta,Yes
475,parkeredwards,No
476,yaelstuart,Yes
477,mounica-boggarapa,Yes
478,flymouse,No
479,vitaly-muhin-36621125,No
480,zacharyv,Yes
481,sergey-bushtyrkov-105b2513,No
482,boerrigter,Yes
483,jimkeenan,Yes
484,manekovskiy,No
485,matthewherweyer,No
486,rachelfefer2,Yes
487,leo-nem-43062464,No
488,tinhkyaw,No
489,mike-shea-56707352,Yes
490,emilisherk,Yes
491,justinyevin,No
492,vladislavumarkov,No
493,gretchenreynolds,Yes
494,jsunarto,No
495,zachary-booth-19593b39,No
496,billtillman11,Yes
497,edward-subers-8a0a133,Yes
498,anton-gofman-1234653,No
499,laramiestorm,Yes
500,garycavanaugh,Yes
501,anthony-lee-296350b9,No
502,chad-waldron-cpa-b286b271,No
503,maggie-hare-57417092,Yes
504,jorg%C3%A9-enrique-m-george-b3655376,Yes
505,bradstantonatx,Yes
506,sergey-suima-6aa75162,No
507,christinelee123,Yes
508,maximrisukhin,No
509,elena-skoblikova-b18256110,No
510,derek-pollock,Yes
511,rosannewilliams,No
512,kathleen-moran-348523112,Yes
513,chris-kinsella-3793a74,Yes
514,ianmdawson,No
515,ayalsteinberg,Yes
516,kaileigh-mckenna,Yes
517,serdiuk,No
518,rmmendoza,Yes
519,alexander-kiselev-ba96678a,No
520,evanfreeze,No
521,mdemmitt,No
522,jessicagreen4,Yes
523,tijoytom,No
524,johncartonjr,Yes
525,leepe,No
526,marinazevelev,Yes
527,disaster,No
528,john-rosar,No
529,tony-zhao-5002bb47,No
530,dmitry-kubyshev,No
531,iskander-samerkhanov-51045998,No
532,sidshahlive,Yes
533,chrisclo,Yes
534,jason-hall-a621b257,No
535,volodymyr-iatsevskyi-9197a857,No
536,vitaliy-nesterenko-a0494045,No
537,abhattacharyya05,No
538,dcancel,Yes
539,brittanholley,Yes
540,vinayprajagopal,No
541,alexkorotkikh,No
542,artem-zozulia-3ba0b5137,No
543,denis-tsibliev-b224bb6,No
544,ikennaadigwe,Yes
545,btraidman,Yes
546,roman-viytovych-303374129,No
547,nacimek,Yes
548,padman-ramankutty-331a124,No
549,evgeniykokuykin,No
550,lex-hallenberger-34a3365,Yes
551,jareson-vardisec-66988b153,No
552,reflejo,No
553,anthony-narducci-5010101,Yes
554,arsbatyrov,No
555,sergey-terletskiy-ba56b647,No
556,iliavsemenov,No
557,codysmitchell,No
558,alsimpson1,No
559,tomczyk-joanna,Yes
560,anastasiia-nykolaichuk-7735a1148,No
561,joe-ferrero-515a015,Yes
562,paul-szymczyk-7a70001,Yes
563,zhengsharon,No
564,arnold-villatoro-85629330,No
565,timothy-o-neil-20a6997,Yes
566,yevgenija-golovchenko-b6505364,No
567,rusgabitov,No
568,aradhye,No
569,sulabh-srivastava-4742962,Yes
570,nickpavlovich,No
571,rickunderwood,Yes
572,mahengupta,Yes
573,evvvvr,No
574,stevenkhau,No
575,cmgunnells,No
576,iuriiokhmat,No
577,asharaf1,Yes
578,marcus-knight-4b07b04,Yes
579,chuck-simmons-5769a21,Yes
580,kyle-olsen-95144a21,Yes
581,omarspena,Yes
582,kofi-sekyi-appiah-3a915ab5,No
583,lee-t-moore-90ab392,Yes
584,sergii-shust-01364a13,No
585,kevin-hickey-7643892,Yes
586,victoria-valenti-468b79102,Yes
587,seanbolton,No
588,ben-greenberg-47ab7183,No
589,abdul-ali19,No
590,maxkostin,No
591,pau-perez-phd-b4234a46,No
592,siqi-li-351b1864,No
593,imjennyli,No
594,rboyle1,Yes
595,sebastienhenot,No
596,elirosseter,No
597,oleg-ermakov-65a802181,No
598,kevincorso,No
599,linkjoannachen,No
600,ethan-griesemer-b33a7089,Yes
601,brian-saunders-ba546235,Yes
602,samantha-getman-806054157,No
603,avinashak,No
604,blair-davis-b-m-e-462255105,No
605,9y5s6h,No
606,zskole,No
607,ryanmorrow,No
608,malioto,Yes
609,rcandeletti,No
610,владимир-гришанин-a55bb010a,No
611,johneitel,Yes
612,jorietappa,No
613,brandoncalley,Yes
614,burnskt,No
615,syam-godavarthi,No
616,anthonypalladino,Yes
617,petergyurko,Yes
618,gzdorik,No
619,shannoncullins,Yes
620,nikita-chehomov-b82b5855,No
621,yannramin,No
622,garyprince,Yes
623,michaelacorley,Yes
624,michael-sadwith-24525261,Yes
625,shenjin,No
626,russellmcguire,Yes
627,anton-ievtushenko-48644641,No
628,srini-dandu,No
629,vitaliy-pavlyuk-5aaa6071,No
630,toddchristy,Yes
631,max-shrieve-don-a444067a,No
632,harrisonproffitt,No
633,albert-davletov,No
634,jason-lessner-1426804,Yes
635,alecsiu,No
636,rbeale,No
637,moemojadidi,No
638,jennifer-lawrence-a582593,Yes
639,jimmygarza,No
640,nathan-skeen,No
641,michaelkailum,No
642,nevalenny,No
643,danielmarcvincent,No
644,skye-povey-aaa34398,Yes
645,sergii-zubariev,No
646,neil-patel-46934b32,No
647,snivets,No
648,ryan-precious-2aba5726,Yes
649,alexander-chebaturkin-99223958,No
650,ebenbroad,Yes
651,ray-o-johnson-278116,Yes
652,jimhunnewell,Yes
653,eugenee,No
654,craigweiss28,No
655,nikita-shupletsov-94213999,No
656,pavelpetrenko,No
657,tomdbrown,No
658,drohovozv,No
659,alexandr-zheleznov-a0247483,No
660,charlesx2013,No
661,spencercreasey,No
662,2k2,Yes
663,jason-jesensky-548825,Yes
664,maxim-lobanov,No
665,christianmnahas,Yes
666,escottmullins,Yes
667,shailendrapoddar,No
668,alexandr-prokhorov-6a06b362,No
669,alina-ritter-business-performance-advisor-606b114,Yes
670,dmitry-kuklin-7b55b9a4,No
671,nimavazindel,Yes
672,elena-rodionova-629703125,No
673,sonyrusteberg,Yes
674,alexey-zavoykin-02b05b146,No
675,yaroslavsiabruk,No
676,chuck-hegarty-047a282,Yes
677,stevenchith,No
678,iholton,Yes
679,jonathanmarch,No
680,muhammad-usman-3319195,No
681,robertmjoyner,Yes
682,deepa-iyer-5714a74,Yes
683,logan-ziegler,No
684,slava-popkov-32b303122,No
685,oleg-zubko,No
686,steveblank,No
687,sangeeta-s-5946a86,Yes
688,nicholas-piccinini,No
689,jefftruesdale,No
690,rhonsby,No
691,jatinchopra,No
692,rich-darrell-2bb65b3,Yes
693,hartdylan,No
694,luis-ellis-fuentes-327ba69,Yes
695,rpedicini,No
696,ben-koshar-63778612,Yes
697,kyle-adkins-535b28128,Yes
698,david-dutemple-b8544845,No
699,mike-davis-5a44a270,No
700,adam-burke-8a22aa8,Yes
701,bdenenberg,No
702,valentyn-holovin-b19b7b121,No
703,alexey-podogov-a8ba64155,No
704,jamie-jie-zhang,No
705,mjyousse,No
706,brpitts,Yes
707,thomas-rosepink-201a43111,No
708,marcushjewell,Yes
709,taylor-spikes-32a72a99,Yes
710,danielhochman,No
711,julia-yu-3239975,No
712,sermilion,No
713,christiandipietrantonio,Yes
714,rohankagrawal,No
715,max-friedman-699b9a5b,No
716,sergey-yagodkin,No
717,chengzp,No
718,eduardo-apolinario-7b222035,No
719,benpaulross,No
720,fernando-zarate-89a639a8,No
721,beausmith,No
722,penelope-prett-9a57262,Yes
723,gregporzio,Yes
724,michaelmoritz,No
725,roman-larin-5a7bb7177,No
726,scottdoney,Yes
727,peterfhuston,Yes
728,nikkicurtis,Yes
729,fsacco,Yes
730,akashkapur1,No
731,oleksiyvlasenko,No
732,sergey-babaev-0283b9bb,No
733,amadeo,No
734,ankithharathi,Yes
735,johnmarkmalouf,No
736,tomas-gonzalez-16b48aa1,No
737,eric-alpern-b020325,Yes
738,john-tighe-1913664,No
739,yuliya-petrushenko-b1845466,No
740,ji-y-3274015a,No
741,dianestarrliu,Yes
742,john-hoffman-a7780b,Yes
743,stewartdan,No
744,dmytro-riazanov-2180a427,No
745,florapark,No
746,bonn-cernol-023836139,No
747,darrencarter31,Yes
748,benwbear,Yes
749,forrest-briggs-45b233b7,No
750,matthew-livesay-67315814b,No
751,lindsaywgroves,No
752,alexeychaplanov,No
753,pengfuyuzhen,No
754,almaz-galiev-953aba133,No
755,juliesinner,Yes
756,camedee,No
757,craiglangenfeld,Yes
758,chris-queitzsch-1a487a31,No
759,natrey,Yes
760,sinofsky,No
761,jack-novotny-b64515131,No
762,brian-watt-a2241269,No
763,krishna-pai-987571a,No
764,betamoo,No
765,lawrencebugg,Yes
766,robert-scales-4a1bb792,Yes
767,ovidio-molina-1538bb4,No
768,jordywilliams,No
769,agodi,No
770,jsorge,No
771,stephenrisolo,Yes
772,ievgen-maletskyi,No
773,ivanhan1,No
774,marcel-ortiz-7592aa3,No
775,anthonyfrattali,Yes
776,hafizhamid,No
777,pleary,No
778,jade-johnson-175a77159,No
779,hrishikeshparanjape,No
780,omar-khalid-69a10b4,No
781,samuelkitono,No
782,kevin-burdsall-19b767,Yes
783,sergei-pokaliaev,No
784,mharr171,No
785,davey-brooks-0b42222,Yes
786,trupti-patel-26bb7858,No
787,william-crawford-632a7983,No
788,dmitry-somov-24b13b53,No
789,alexsheer,Yes
790,janisch,No
791,aaronschilke,Yes
792,sergey-akhalkov,No
793,cameron-copps-tilley-509281a4,Yes
794,yi-evelyn-luan-777b6a59,Yes
795,valeriia-sikora-2322b098,No
796,brenna-vachal-8a5639105,Yes
797,dhruv-lamba-98166a19,No
798,jonathan-yuen-7353a3133,No
799,gregoryedwards26,Yes
800,jasonfinney,Yes
801,dmitryzakharov,No
802,zubaida-younus-8a0751131,Yes
803,jeffrey-stephenson-5a25ba1,Yes
804,yaroslav-miroshnychenko-916b8426,No
805,danafaraj,No
806,romanmironets,No
807,thaliawildhorn,No
808,chgullo,Yes
809,yevgeniya-kovrikova-38609637,No
810,blakemal,Yes
811,антон-печёнин-a9661994,No
812,michaelgear,Yes
813,gina-fratarcangeli,Yes
814,sergei-savelev-2b111481,No
815,dougbleszinski,Yes
816,liz-caldwell-52077973,Yes
817,stephanie-ruhle-b8545143,Yes
818,alexendrenyi,No
819,marc-chance-b4b511,Yes
820,dave-miller-162061151,No
821,viacheslav-volkov-3630288b,No
822,klin1984,No
823,stevenhgoldberg,Yes
824,anniekaye,Yes
825,jpiotrowski2016,Yes
826,michael-gorkowski-13766ab,Yes
827,kyle-scanlon-b7a75b71,No
828,meng-wang-58b23132,No
829,danyanglydia,No
830,aleksandar-boskovic-8062636,Yes
831,tariq-kane,No
832,cyndinaumann,No
833,aidandonohue,Yes
834,yshunkov,No
835,niyaz-gizatullin-1783ba17b,No
836,tildedave,No
837,anna-auerbach,Yes
838,anirudh-katipally-067522109,No
839,alina-chernenko-72b3a236,No
840,wendiharkins,Yes
841,vladimir-kotikov-b5a595131,No
842,harjot-grewal-35a717117,No
843,ericneef,Yes
844,johnyancey,No
845,reggiemarable,Yes
846,sreesha-venkat-528579b3,No
847,salil-punalekar-bb48b,Yes
848,jkdhale,Yes
849,markbeasley2000,Yes
850,sean-camargo-099b18124,No
851,katenangle,Yes
852,npasquariello,No
853,anupreetsingh,Yes
854,timbuchman,Yes
855,danny-scott-1a223812,No
856,shalini-chandrashekar-95a08b5,Yes
857,claytonchristensen,No
858,timothy-lebon,No
859,mike-rich-335a582,Yes
860,kathan-shah-91923831,No
861,mike-kravtsov-393574112,No
862,c2woo,No
863,asimk,Yes
864,jerryweitzman,Yes
865,paulpatterson,Yes
866,sergii-pronskyi-15329316,No
867,andrey-rystenko-668a9813,No
868,tylerlindley,Yes
869,patrickrademacher,No
870,jeff-b-b033a3,Yes
871,micah-rowell-768a6788,No
872,oleg-borisevich-06142461,No
873,benjamin-nye-1766673,Yes
874,denisklein,Yes
875,viktor-naryshkin-131b8643,No
876,patrickliamhartley,No
877,nathan-rolander-09204911,No
878,lukesossi,Yes
879,tameronricker,Yes
880,austinbroyles,No
881,garry-scott-musselman-8b195167,No
882,blakeguerrero,Yes
883,lucy-hur-9a87b21,No
884,travon-billups-45a23bb9,No
885,brownkierra,No
886,firstrecall,No
887,ikonst,No
888,kirill-skobkarev-6701abab,No
889,elijahbelliott,No
890,ming-zhao-00783236,No
891,aliia-z-16700898,No
892,valeriymaslov,No
893,solste7en,No
894,nicolenewcomb,Yes
895,jaymeeichner,Yes
896,srwinchester,Yes
897,shanerosse,No
898,megan-etienne-45bb8437,No
899,nkvaavik,Yes
900,anton-evseev-54761068,No
901,fredzheng,No
902,simonhakim,Yes
903,codegoddess,No
904,michaeldevinquinn,Yes
905,elishama,No
906,jeffdenneen,No
907,alex-v-544a7210,No
908,davidsrochi,Yes
909,archanasekhar,No
910,kbeloborodko,No
911,bonnie-schulkin,No
912,lancejacobs,Yes
913,knicefire,No
914,sunleosun,No
915,glenwelch,Yes
916,markgiebel,Yes
917,alyssa-passarelli-7ba531b2,Yes
918,roman-dudin-078534126,No
919,nealkgupta,Yes
920,jtschoonhoven,No
921,weiranliu,No
922,tarahunt,Yes
923,adilhafeez,No
924,dmitry-p-9b836b1b,No
925,timurfayzrakhmanov,No
926,yeameen,No
927,ana-duenas-50867493,Yes
928,christopher-turner-15a4278b,No
929,bobnisco,No
930,steven-yaffe-b419547,Yes
931,gukulkan,No
932,tinazheng,No
933,marcinkwia,No
934,atkinsaaron,Yes
935,leventi,No
936,aggiepulawski,Yes
937,mathiasgug,No
938,yuriypolishchuk,No
939,timothy-blumberg-72489589,No
940,rramanathan,Yes
941,steve-mckenzie-1347648,Yes
942,davidgcutler,No
943,hectorgchavez,No
944,phil-rutland-980b891,Yes
945,ashley-brooke,Yes
946,валерий-андрусик-3a4a5063,No
947,caroleegearhart,Yes
948,dmitrylos,No
949,hector-cruz-29642513a,No
950,imrankareem,Yes
951,priyaravindhran,Yes
952,vladimir-shcherbakov-74351237,No
953,makarenkos,No
954,andrey-petkevich-97889856,No
955,bamboo-liao-5a64a7186,No
956,amoswasgatt,Yes
957,loganshire,No
958,kaitlynbaughman,No
959,lukiantsev,No
960,anatoly-tolstobrov-890b2313,No
961,dmitriysyrkin,No
962,michaelplunkett1,No
963,taylor-knudson-6b49b06b,No
964,maxim-kryloff,No
965,seanshi2011,No
966,jananisundarrajan,No
967,ivan-ponomarev-396b8411a,No
968,bob-koenig-9863233,Yes
969,daniel-jacobs-38850624,Yes
970,johnwhitingbge,Yes
971,alexander-nazarov-57a607161,No
972,realmattestrada,No
973,swarup-shetty-b0642bb,Yes
974,timothy-brooke-a00201b,Yes
975,nick-golikov-741b52109,No
976,emilybennett1,Yes
977,kiera-bernier-123092115,Yes
978,roshmiksaha,No
979,rav3451,No
980,idris-bowman,No
981,alexvmk,No
982,kelli-j-williams-1109b617,Yes
983,manoj-kalaivanan-879a8117,No
984,brookwest,Yes
985,jim-sikora-26b103,Yes
986,anna-dubova-9301a393,No
987,golyakhovsky,No
988,patval,Yes
989,steve-sylvain-6bb4134,No
990,константин-плеханов-4a72557b,No
991,nadersaghafi,Yes
992,chapaeva,No
993,christineheimbuck,Yes
994,greg-randolph,Yes
995,harleyklein,No
996,joshkanagy,Yes
997,matthew-arellano-0a831a,Yes
998,deanna-andersen-062a5514a,Yes
999,rajesh-balasa,No
1000,aleksandr-golub-0b741597,No
1001,jacob-taskinen-5a8a70101,Yes
1002,dmitriy-barkalov-59b3b861,No
1003,elizabethdefazio,Yes
1004,abagriy,No
1005,gary-specter,Yes
1006,jonathan-phillips-b7aa834,No
1007,dominicmortlock,No
1008,mcmahonkate,Yes
1009,schroederchrism,Yes
1010,zachsousa,No
1011,ilyakarev,No
1012,harmanlearns,No
1013,roman-robb-a3440a35,No
1014,ravisankar-venkatachalam-11625a,Yes
1015,chrisalto,Yes
1016,brittanyroth,Yes
1017,sergeigrebnov,No
1018,bobrenok,No
1019,rostislav-b-67156282,No
1020,mun-yong-jang-a3646997,No
1021,siddharthtaduri,No
1022,elena-w-221b6089,No
1023,hadeel-elbitar-28976a15,No
1024,carter-bromm,Yes
1025,philbonin,Yes
1026,jack-tinkham-59a456a8,Yes
1027,adamhcarr,Yes
1028,davidandruscom,No
1029,jason-boyle-5a45768,Yes
1030,yazhou-xun-71b5a1104,No
1031,amy-smith-a3052274,No
1032,ikramh,No
1033,cole-salquist-512181bb,Yes
1034,lizzy-bacco-0a73689,Yes
1035,denis-lapatkin-1316b612a,No
1036,#NAME?,Yes
1037,thangsap,Yes
1038,william-b-smith-mba-8ab60b60,No
1039,george-abdulfaizov-39419914,No
1040,kemitche,No
1041,briantmcdonough,Yes
1042,matthew-g-35a28639,No
1043,dmitrii-snytkin,No
1044,avkiselev,No
1045,kelsey-johnson-0194b26b,No
1046,daveducat,Yes
1047,gary-carpen-22b761,Yes
1048,eschyljuk,No
1049,andrewwarg,Yes
1050,sazmand,No
1051,dyatchenko,No
1052,jamesholst,Yes
1053,ricky-m-ab3673169,No
1054,linnealevy,No
1055,slycoder,No
1056,pedrovirguezbogotacolombia,No
1057,randi-martin-50b383,No
1058,peter-o-65575359,No
1059,aleksei-chistiakov-bb0094126,No
1060,tomhouweling,No
1061,vladyslavyakuba,No
1062,natali-petergova-1463bb62,No
1063,corybenedetti,Yes
1064,stanfairbank,No
1065,sangita-patel-054570,Yes
1066,darek-grala-992a1216,No
1067,troyliljedahl,No
1068,larisaborodina,No
1069,shawnkinnear,Yes
1070,alexmackenzie1,Yes
1071,jason-maratsos-5830647,Yes
1072,yuchenfangcici,No
1073,eldisco,No
1074,oleg-misal-00834b124,No
1075,andredavoodi,Yes
1076,alicia-eimers-022567,Yes
1077,frida-polli-phd-03a1855,No
1078,john-hanlon-766a7525,Yes
1079,nazilarad,Yes
1080,brian-ehlenberger-2b183911,Yes
1081,stevenmchugh,No
1082,rockypaap,Yes
1083,calvinhopkins,No
1084,justingward,No
1085,eric-j-howell,Yes
1086,gleb-besarab-1958b6100,No
1087,ghuang1,No
1088,leontine-sijtsma,Yes
1089,tim-prowitt-6b726229,Yes
1090,zilu-weng-60921917,No
1091,sergey-savvin-43994baa,No
1092,jessica-wendling-991572a5,Yes
1093,oleg-lazarenko-a2b51111b,No
1094,khalidzaheer,No
1095,alyssaz,Yes
1096,ihar-afanasyeu-hostsyeu-9294479,No
1097,ching-hsien-yeh-72020314,No
1098,cheenath,No
1099,shanehpittman,No
1100,danielxchan,No
1101,greghoy,No
1102,iryna-pavlenko,No
1103,alexander-prilipko-28aa78120,No
1104,dmytro-groshev-0b3b758a,No
1105,shahzadamansoor,No
1106,ivanmarkman,Yes
1107,ajstahl,Yes
1108,austin-bartling-b55a3ab8,No
1109,lexherbert,No
1110,garrettserviss,Yes
1111,heatherrobinette,No
1112,jeff-herbst-9012,No
1113,jay-wang-b282b4127,No
1114,jhazard,Yes
1115,nick-combs-831614a,No
1116,ilya-stepyrev-ba6161123,No
1117,artemzinnatullin,No
1118,alan-moss-ab11a8,Yes
1119,alyona-sviridenko-664182109,No
1120,artemkubiria,No
1121,andrea-casagrande-927992a8,Yes
1122,jamison,Yes
1123,michael-swart,No
1124,jamesmalcolmphillips,Yes
1125,roman-vatiutov,No
1126,alexander-buiko-16715282,No
1127,ma-flores,No
1128,dmoreh,No
1129,tammy-decastro-50746045,Yes
1130,james-palmer-4b73a7130,No
1131,alejandro-rodriguez-morantes-2029274,No
1132,troybarter,Yes
1133,tonygilbertpeoplebuilder,Yes
1134,nathan-heinrichs-65359626,No
1135,iannarino,No
1136,artem-denisenko-48b5a9b4,No
1137,nikolai-lebedev-3303294a,No
1138,alexanderslipchenko,No
1139,igormelnikov,No
1140,liz-neu-a87ab381,No
1141,doconnor18,Yes
1142,haben-tilahun-b8320613b,No
1143,briansmcintoshmbamarketing,No
1144,vidhi-mehta-94258418,Yes
1145,antidotcb,No
1146,dmskr,No
1147,alekseyberezan,No
1148,jamienikosey,Yes
1149,marinashestunina,No
1150,mike-dunn-b84319,Yes
1151,vitaliy-podstreshniy-67912313,No
1152,scottruss,No
1153,vadimvashkevich,No
1154,andrey-mitsyk-228256b8,No
1155,iamyuanyuan,No
1156,souhail-tamri-a64768178,No
1157,nicole-andris-2649bba,No
1158,andyweius,No
1159,tezan,No
1160,jordantpatton,No
1161,nicholas-tarnek-48aa973,No
1162,eugene-altyn-4b14613,No
1163,ruslan-latypov-sd,No
1164,michaelschore,No
1165,sharpcharlie,No
1166,robin-leckonby-hewitt-9b9ab6,Yes
1167,joelhynoski,No
1168,stepan-zharychev-796756113,No
1169,nathan-broome,Yes
1170,sidorovroman,No
1171,andrewroubin,No
1172,jiaxinlin,Yes
1173,deepatalwar1,Yes
1174,robgiglio,Yes
1175,anthony-anello-92a1b22b,Yes
1176,danglan-tran-9b1968169,Yes
1177,matthewgkennedy,Yes
1178,alexis-ross-smith-a53180,Yes
1179,yuhua-luo-8a12071,No
1180,bryan-keane-slalom,Yes
1181,kristen-klein-boston,Yes
1182,chip-nordstrom-8118a02,Yes
1183,aishwarya-adiga,No
1184,farkhad-khatamov-337926142,No
1185,kostiantynivanov,No
1186,philipmantrov,No
1187,alexchantavy,No
1188,kristina-gomez,Yes
1189,tmurdock3,Yes
1190,minliang-eric-chen-40089016,No
1191,samirsdoshi,Yes
1192,sarukkai,No
1193,maksim-sukhonos-b4b90440,No
1194,vishaltalwar,Yes
1195,dhara-v-ab68844,Yes
1196,matthew-ashenden-b99568101,Yes
1197,nfraenkel,No
1198,yevhen-davydenko-234681149,No
1199,ruzaliia-yakunina,No
1200,robertdingli,No
1201,stanislav-lamtiev-0441ba4b,No
1202,maxwell-ashley-014493128,No
1203,davehulse,No
1204,ryan-f-6104405,Yes
1205,mitchell-yohanan-a77191b6,No
1206,collins-cameron,Yes
1207,taisiya-kholodova-b537104,No
1208,stacy-denning-4b12726a,Yes
1209,cole-stasney,No
1210,corinnefowler,Yes
1211,rigidit,No
1212,mattreisch,Yes
1213,mikhail-bolshakov-6146b9128,No
1214,ty-mcaden-231540,Yes
1215,mattallen,Yes
1216,yuriy-garnaev-2b27322b,No
1217,mykhailo-petrov-162894b,No
1218,saadeh,Yes
1219,philipgerstoft,No
1220,ntembo-leonard-8aa44275,No
1221,cliftonroberts,No
1222,alexblyz,No
1223,morgan-walker-683214112,Yes
1224,mike-grigsby-9a69a25,No
1225,evanwils,No
1226,morevm,No
1227,sergeyshlykovich,No
1228,alexander-sorokin-8a385a81,No
1229,bruce-sherrod-291452,No
1230,omar-beg-mohamed-a0a3293a,No
1231,johnwenc,Yes
1232,michelle-adams-0a2ab06,Yes
1233,bkorsunsky,No
1234,micheleyancey,Yes
1235,dangreene,Yes
1236,dmitry-revenko-17308b4b,No
1237,tirathpatel,No
1238,peter-geoghegan-6000772b,No
1239,albina-khanbekova,No
1240,fizapetro,Yes
1241,donald-fleurantin-4649448,No
1242,dellaa,No
1243,stewartkevin,No
1244,andresemoreno,No
1245,dgoldy216,Yes
1246,bradford-clancy-705b1a6,Yes
1247,jonathanmaier,No
1248,dan-selimitanu-66896524,No
1249,jeremypaz,No
1250,samcai,No
1251,kostiantynkoval,No
1252,lior-amram,No
1253,nickjosephusa,Yes
1254,briannanelson,No
1255,jackdwilson,Yes
1256,sukhmanikocher,Yes
1257,dcbrwn,No
1258,matthewkaus,Yes
1259,maxim-tolgobolskiy-263a23103,No
1260,kerri-rosson-27453616,Yes
1261,ramachandran-gurumoorthy-a45224b,No
1262,alexander-bokhankovich-806a2a103,No
1263,tim-fahmy-689124,Yes
1264,дамир-абдуллин-46963391,No
1265,dennis-li-07088058,No
1266,zhaoxi-rio-zhu,No
1267,tdjampersandventures,Yes
1268,joannepeters,No
1269,benjaminwjackson,Yes
1270,kelseykotlarek,No
1271,kateryna-lychova-a0632687,No
1272,ildar-almakaev-6a451297,No
1273,konstantinprokopov,No
1274,ananthakancherla,No
1275,zmohiuddin,No
1276,sofiia-zaitseva-178942117,No
1277,benstinnett,No
1278,niyaz-gainutdinov-63382980,No
1279,demitri-nava-4b5a5564,No
1280,ezracelli,No
1281,gabrielnica,No
1282,jeremy-mason-herr-2ba89137,No
1283,bendaters,Yes
1284,thebobfarrell,Yes
1285,willfrattini,Yes
1286,han-jung-8761b037,No
1287,seandarryanto,No
1288,albertsheu,No
1289,richunger,No
1290,gregbanning,Yes
1291,yaroslavstetsyk,No
1292,neilthickey,Yes
1293,vadim-vdovin-304499151,No
1294,curtis-crocker-9a016,No
1295,cmyers2442,Yes
1296,curtis-cates-98979910,Yes
1297,brianpfahey2,Yes
1298,iblaine,No
1299,seantebaker,No
1300,jason-londraville-537504,Yes
1301,tim-brown-6b64b27,No
1302,douglas-d,No
1303,daniel-f-arias,No
1304,ignir,No
1305,conormurphy90,No
1306,andrey-arnautov-3748b5b4,No
1307,landysh-zinnatullina-08651593,No
1308,borys-oliynyk-94b62b5b,No
1309,matt-campbell-3272a712,No
1310,byrondeeter,No
1311,joeazavala,Yes
1312,steven-nelson-72837a32,No
1313,никита-котов-298534a6,No
1314,teknolog,No
1315,andreiyazik,No
1316,ryanmalkin,No
1317,tsyshnatiy,No
1318,lawrence-jones-5801bb94,No
1319,emorganboston,Yes
1320,katieisadore,Yes
1321,kancharlak,No
1322,henryk-sarat,No
1323,alex-kakouris-9a3a9612,Yes
1324,alexander-rogachev-315ab9133,No
1325,danielpabbott,No
1326,maksimr,No
1327,anton-kramarenko-a722435,No
1328,alexander-haliuchenko-2b7005118,No
1329,edwarddurmorris,Yes
1330,schoenk,No
1331,anfyorov,No
1332,jhulley,No
